https://www.google.com,
https://www.wikipedia.org,
https://www.amazon.com,
https://www.youtube.com,
https://www.reddit.com,
https://www.bbc.com,
https://www.twitter.com,
https://www.instagram.com,
https://www.facebook.com,
https://www.netflix.com,
https://www.twitch.tv,
https://www.nytimes.com,
https://www.linkedin.com,
https://www.etsy.com,
https://www.pinterest.com,
https://www.researchgate.net,
https://www.quora.com,
https://www.imdb.com,
https://www.github.com,
https://www.stackoverflow.com,
https://www.medium.com,
https://www.tumblr.com,
https://www.flickr.com,
https://www.soundcloud.com,
https://www.spotify.com,
https://www.dropbox.com,
https://www.onedrive.com,
https://www.google-drive.com,
https://www.zoom.us,
https://www.slack.com,
https://www.w3schools.com,
https://www.codecademy.com,
https://www.coursera.org,
https://www.edx.org,
https://www.udemy.com,
https://www.khanacademy.org,
https://www.codecademy.com,
https://www.duolingo.com,
https://www.ted.com,
https://www.nasa.gov,
https://www.hubspot.com,
https://www.mailchimp.com,
https://www.airbnb.com,
https://www.booking.com,
https://www.tripadvisor.com,
https://www.expedia.com,
https://www.hotels.com,
https://www.kaiserpermanente.org,
https://www.mayoclinic.org,
https://www.webmd.com,
https://www.cnn.com,
https://www.aljazeera.com,
https://www.theguardian.com,
https://www.reuters.com,
https://www.bloomberg.com,
https://www.forbes.com,
https://www.economist.com,
https://www.wsj.com,
https://www.npr.org,
https://www.nike.com,
https://www.adidas.com,
https://www.underarmour.com,
https://www.rei.com,
https://www.zara.com,
https://www.h&m.com,
https://www.asos.com,
https://www.gap.com,
https://www.ralphlauren.com,
https://www.mercedes-benz.com,
https://www.toyota.com,
https://www.honda.com,
https://www.bmw.com,
https://www.ford.com,
https://www.nissan-global.com,
https://www.chevrolet.com,
https://www.apple.com,
https://www.samsung.com,
https://www.microsoft.com,
https://www.dell.com,
https://www.lenovo.com,
https://www.hp.com,
https://www.canon.com,
https://www.nikon.com,
https://www.sony.com,
https://www.lg.com,
https://www.kraftheinzcompany.com,
https://www.pepsico.com,
https://www.coca-cola.com,
https://www.mcdonalds.com,
https://www.burgerking.com,
https://www.subway.com,
https://www.dominos.com,
https://www.fedex.com,
https://www.dhl.com,
https://www.ups.com,
https://www.amazonaws.com,
https://www.squarespace.com,
https://www.shopify.com,
https://www.paypal.com,
https://www.vimeo.com,
